"0","#3. Label Sample Pairs according to their Class and Patient Similarities"
"0","labelClassPatient <- function(row){"
"0","  sample1Split = strsplit(row[1], split=""_"")[[1]]"
"0","  sample2Split = strsplit(row[2], split=""_"")[[1]]"
"0","  sample1Class = sample1Split[1]"
"0","  sample2Class = sample2Split[1]"
"0","  sample1Patient = sample1Split[4]"
"0","  sample2Patient = sample2Split[4]"
"0","  #if same class"
"0","  if (sample1Class==sample2Class){"
"0","    #If Same Patient"
"0","    if (sample1Patient == sample2Patient){"
"0","      return(""Same Class\n Same Patient"")"
"0","    } "
"0","    else { #Different Patient"
"0","      return(""Same Class\n Different Patient"")"
"0","    }"
"0","  } "
"0","  else{ #Different class"
"0","    #If Same Patient"
"0","    if (sample1Patient == sample2Patient){"
"0","      return(""Different Class\n Same Patient"")"
"0","    } "
"0","    else { #Different Patient"
"0","      return(""Different Class\n Different Patient"")"
"0","    }"
"0","  }"
"0","}"
"0","ppcc_df$ClassPatient = apply(ppcc_df, 1, labelClassPatient)"
"0","#Visualise it"
"0","qplot(data=ppcc_df, x=ClassPatient,y=PPCC, colour=ClassPatient, geom = ""jitter"", margins = TRUE) +"
"0","        scale_y_continuous(breaks = seq(0, 1, 0.1))+"
"0","        ggtitle(label=""PPCC Distribution Across Different Sample Pair Types"") +"
"0","        theme(plot.title = element_text(hjust = 0.5)) +"
"0","        xlab(""Sample Pair Type"") +"
"0","        theme(legend.position = ""none"") "
