Doppel_0_train,Doppel_0_valid,Doppel_2_train,Doppel_2_valid,Doppel_4_train,Doppel_4_valid,Doppel_6_train,Doppel_6_valid,Doppel_8_train,Doppel_8_valid,Neg_Con_train,Neg_Con_valid,Pos_Con_train,Pos_Con_valid
normal_cc_patient_1_rep1,normal_p_patient_4_rep1,tumor_cc_patient_1_rep1,normal_cc_patient_1_rep1,normal_cc_patient_2_rep1,normal_cc_patient_1_rep1,tumor_cc_patient_2_rep1,normal_cc_patient_1_rep1,tumor_cc_patient_2_rep1,normal_cc_patient_1_rep1,normal_cc_patient_1_rep1,normal_p_patient_4_rep1,normal_cc_patient_1_rep1,normal_cc_patient_1_rep1
normal_cc_patient_1_rep2,normal_p_patient_4_rep2,tumor_cc_patient_1_rep2,normal_cc_patient_1_rep2,normal_cc_patient_2_rep2,normal_cc_patient_1_rep2,tumor_cc_patient_2_rep2,normal_cc_patient_1_rep2,tumor_cc_patient_2_rep2,normal_cc_patient_1_rep2,normal_cc_patient_1_rep2,normal_p_patient_4_rep2,normal_cc_patient_1_rep2,normal_cc_patient_1_rep2
tumor_cc_patient_1_rep1,tumor_p_patient_4_rep1,normal_cc_patient_2_rep1,tumor_p_patient_4_rep1,tumor_cc_patient_2_rep1,tumor_cc_patient_1_rep1,normal_cc_patient_3_rep1,tumor_cc_patient_1_rep1,tumor_cc_patient_3_rep1,tumor_cc_patient_1_rep1,tumor_cc_patient_1_rep1,tumor_p_patient_4_rep1,tumor_cc_patient_1_rep1,tumor_cc_patient_1_rep1
tumor_cc_patient_1_rep2,tumor_p_patient_4_rep2,normal_cc_patient_2_rep2,tumor_p_patient_4_rep2,tumor_cc_patient_2_rep2,tumor_cc_patient_1_rep2,normal_cc_patient_3_rep2,tumor_cc_patient_1_rep2,tumor_cc_patient_3_rep2,tumor_cc_patient_1_rep2,tumor_cc_patient_1_rep2,tumor_p_patient_4_rep2,tumor_cc_patient_1_rep2,tumor_cc_patient_1_rep2
normal_cc_patient_2_rep1,normal_p_patient_9_rep1,tumor_cc_patient_2_rep1,normal_p_patient_9_rep1,normal_cc_patient_3_rep1,normal_p_patient_9_rep1,tumor_cc_patient_3_rep1,normal_cc_patient_2_rep1,normal_p_patient_4_rep1,normal_cc_patient_2_rep1,normal_cc_patient_2_rep1,normal_p_patient_9_rep1,normal_cc_patient_2_rep1,normal_cc_patient_2_rep1
normal_cc_patient_2_rep2,normal_p_patient_9_rep2,tumor_cc_patient_2_rep2,normal_p_patient_9_rep2,normal_cc_patient_3_rep2,normal_p_patient_9_rep2,tumor_cc_patient_3_rep2,normal_cc_patient_2_rep2,normal_p_patient_4_rep2,normal_cc_patient_2_rep2,normal_cc_patient_2_rep2,normal_p_patient_9_rep2,normal_cc_patient_2_rep2,normal_cc_patient_2_rep2
tumor_cc_patient_2_rep1,tumor_p_patient_9_rep1,normal_cc_patient_3_rep1,tumor_p_patient_9_rep1,tumor_cc_patient_3_rep1,tumor_p_patient_9_rep1,normal_p_patient_4_rep1,tumor_p_patient_9_rep1,tumor_p_patient_4_rep1,normal_cc_patient_3_rep1,tumor_cc_patient_2_rep1,tumor_p_patient_9_rep1,tumor_cc_patient_2_rep1,tumor_cc_patient_2_rep1
tumor_cc_patient_2_rep2,tumor_p_patient_9_rep2,normal_cc_patient_3_rep2,tumor_p_patient_9_rep2,tumor_cc_patient_3_rep2,tumor_p_patient_9_rep2,normal_p_patient_4_rep2,tumor_p_patient_9_rep2,tumor_p_patient_4_rep2,normal_cc_patient_3_rep2,tumor_cc_patient_2_rep2,tumor_p_patient_9_rep2,tumor_cc_patient_2_rep2,tumor_cc_patient_2_rep2
normal_cc_patient_3_rep1,,tumor_cc_patient_3_rep1,,normal_p_patient_4_rep1,,tumor_p_patient_4_rep1,,normal_ch_patient_5_rep1,,normal_cc_patient_3_rep1,,normal_cc_patient_3_rep1,
normal_cc_patient_3_rep2,,tumor_cc_patient_3_rep2,,normal_p_patient_4_rep2,,tumor_p_patient_4_rep2,,normal_ch_patient_5_rep2,,normal_cc_patient_3_rep2,,normal_cc_patient_3_rep2,
tumor_cc_patient_3_rep1,,normal_p_patient_4_rep1,,tumor_p_patient_4_rep1,,normal_ch_patient_5_rep1,,tumor_ch_patient_5_rep1,,tumor_cc_patient_3_rep1,,tumor_cc_patient_3_rep1,
tumor_cc_patient_3_rep2,,normal_p_patient_4_rep2,,tumor_p_patient_4_rep2,,normal_ch_patient_5_rep2,,tumor_ch_patient_5_rep2,,tumor_cc_patient_3_rep2,,tumor_cc_patient_3_rep2,
normal_ch_patient_5_rep1,,normal_ch_patient_5_rep1,,normal_ch_patient_5_rep1,,tumor_ch_patient_5_rep1,,normal_cc_patient_6_rep1,,normal_ch_patient_5_rep1,,normal_ch_patient_5_rep1,
normal_ch_patient_5_rep2,,normal_ch_patient_5_rep2,,normal_ch_patient_5_rep2,,tumor_ch_patient_5_rep2,,normal_cc_patient_6_rep2,,normal_ch_patient_5_rep2,,normal_ch_patient_5_rep2,
tumor_ch_patient_5_rep1,,tumor_ch_patient_5_rep1,,tumor_ch_patient_5_rep1,,normal_cc_patient_6_rep1,,tumor_cc_patient_6_rep1,,tumor_ch_patient_5_rep1,,tumor_ch_patient_5_rep1,
tumor_ch_patient_5_rep2,,tumor_ch_patient_5_rep2,,tumor_ch_patient_5_rep2,,normal_cc_patient_6_rep2,,tumor_cc_patient_6_rep2,,tumor_ch_patient_5_rep2,,tumor_ch_patient_5_rep2,
normal_cc_patient_6_rep1,,normal_cc_patient_6_rep1,,normal_cc_patient_6_rep1,,tumor_cc_patient_6_rep1,,normal_cc_patient_7_rep1,,normal_cc_patient_6_rep1,,normal_cc_patient_6_rep1,
normal_cc_patient_6_rep2,,normal_cc_patient_6_rep2,,normal_cc_patient_6_rep2,,tumor_cc_patient_6_rep2,,normal_cc_patient_7_rep2,,normal_cc_patient_6_rep2,,normal_cc_patient_6_rep2,
tumor_cc_patient_6_rep1,,tumor_cc_patient_6_rep1,,tumor_cc_patient_6_rep1,,normal_cc_patient_7_rep1,,tumor_cc_patient_7_rep1,,tumor_cc_patient_6_rep1,,tumor_cc_patient_6_rep1,
tumor_cc_patient_6_rep2,,tumor_cc_patient_6_rep2,,tumor_cc_patient_6_rep2,,normal_cc_patient_7_rep2,,tumor_cc_patient_7_rep2,,tumor_cc_patient_6_rep2,,tumor_cc_patient_6_rep2,
normal_cc_patient_7_rep1,,normal_cc_patient_7_rep1,,normal_cc_patient_7_rep1,,tumor_cc_patient_7_rep1,,normal_cc_patient_8_rep1,,normal_cc_patient_7_rep1,,normal_cc_patient_7_rep1,
normal_cc_patient_7_rep2,,normal_cc_patient_7_rep2,,normal_cc_patient_7_rep2,,tumor_cc_patient_7_rep2,,normal_cc_patient_8_rep2,,normal_cc_patient_7_rep2,,normal_cc_patient_7_rep2,
tumor_cc_patient_7_rep1,,tumor_cc_patient_7_rep1,,tumor_cc_patient_7_rep1,,normal_cc_patient_8_rep1,,tumor_cc_patient_8_rep1,,tumor_cc_patient_7_rep1,,tumor_cc_patient_7_rep1,
tumor_cc_patient_7_rep2,,tumor_cc_patient_7_rep2,,tumor_cc_patient_7_rep2,,normal_cc_patient_8_rep2,,tumor_cc_patient_8_rep2,,tumor_cc_patient_7_rep2,,tumor_cc_patient_7_rep2,
normal_cc_patient_8_rep1,,normal_cc_patient_8_rep1,,normal_cc_patient_8_rep1,,tumor_cc_patient_8_rep1,,normal_p_patient_9_rep1,,normal_cc_patient_8_rep1,,normal_cc_patient_8_rep1,
normal_cc_patient_8_rep2,,normal_cc_patient_8_rep2,,normal_cc_patient_8_rep2,,tumor_cc_patient_8_rep2,,normal_p_patient_9_rep2,,normal_cc_patient_8_rep2,,normal_cc_patient_8_rep2,
tumor_cc_patient_8_rep1,,tumor_cc_patient_8_rep1,,tumor_cc_patient_8_rep1,,normal_p_patient_9_rep1,,tumor_p_patient_9_rep1,,tumor_cc_patient_8_rep1,,tumor_cc_patient_8_rep1,
tumor_cc_patient_8_rep2,,tumor_cc_patient_8_rep2,,tumor_cc_patient_8_rep2,,normal_p_patient_9_rep2,,tumor_p_patient_9_rep2,,tumor_cc_patient_8_rep2,,tumor_cc_patient_8_rep2,
