"","Class","Tumour_Histological_Type","Patient_ID","Sample_ID","Replicate"
"normal_cc_patient_1_rep1","Normal","cc",1,1,1
"normal_cc_patient_1_rep2","Normal","cc",1,19,2
"tumor_cc_patient_1_rep1","Tumor","cc",1,2,1
"tumor_cc_patient_1_rep2","Tumor","cc",1,20,2
"normal_cc_patient_2_rep1","Normal","cc",2,3,1
"normal_cc_patient_2_rep2","Normal","cc",2,21,2
"tumor_cc_patient_2_rep1","Tumor","cc",2,4,1
"tumor_cc_patient_2_rep2","Tumor","cc",2,22,2
"normal_cc_patient_3_rep1","Normal","cc",3,5,1
"normal_cc_patient_3_rep2","Normal","cc",3,23,2
"tumor_cc_patient_3_rep1","Tumor","cc",3,6,1
"tumor_cc_patient_3_rep2","Tumor","cc",3,24,2
"normal_p_patient_4_rep1","Normal","p",4,7,1
"normal_p_patient_4_rep2","Normal","p",4,25,2
"tumor_p_patient_4_rep1","Tumor","p",4,8,1
"tumor_p_patient_4_rep2","Tumor","p",4,26,2
"normal_ch_patient_5_rep1","Normal","ch",5,9,1
"normal_ch_patient_5_rep2","Normal","ch",5,27,2
"tumor_ch_patient_5_rep1","Tumor","ch",5,10,1
"tumor_ch_patient_5_rep2","Tumor","ch",5,28,2
"normal_cc_patient_6_rep1","Normal","cc",6,11,1
"normal_cc_patient_6_rep2","Normal","cc",6,29,2
"tumor_cc_patient_6_rep1","Tumor","cc",6,12,1
"tumor_cc_patient_6_rep2","Tumor","cc",6,30,2
"normal_cc_patient_7_rep1","Normal","cc",7,13,1
"normal_cc_patient_7_rep2","Normal","cc",7,31,2
"tumor_cc_patient_7_rep1","Tumor","cc",7,14,1
"tumor_cc_patient_7_rep2","Tumor","cc",7,32,2
"normal_cc_patient_8_rep1","Normal","cc",8,15,1
"normal_cc_patient_8_rep2","Normal","cc",8,33,2
"tumor_cc_patient_8_rep1","Tumor","cc",8,16,1
"tumor_cc_patient_8_rep2","Tumor","cc",8,34,2
"normal_p_patient_9_rep1","Normal","p",9,17,1
"normal_p_patient_9_rep2","Normal","p",9,35,2
"tumor_p_patient_9_rep1","Tumor","p",9,18,1
"tumor_p_patient_9_rep2","Tumor","p",9,36,2
