"0","ppcc_df$DoppelgangerLabel = ifelse(ppcc_df$PPCC>=cut_off & ppcc_df$ClassPatient==""Same Class\n Different Patient"",""Doppelganger"",""Not Doppelganger"")"
"0","qplot(data=ppcc_df, x=ClassPatient,y=PPCC, colour=DoppelgangerLabel, geom = ""jitter"", margins = TRUE) +"
"0","        scale_y_continuous(breaks = seq(0, 1, 0.1))+"
"0","        ggtitle(label=""PPCC Doppelganger Identification"") +"
"0","        theme(plot.title = element_text(hjust = 0.5)) +"
"0","        xlab(""Sample Pair Type"") +"
"0","        scale_color_manual(values=c(""#8800ff"",""#5c5c5c"")) +"
"0","        geom_hline(yintercept=0.9225526, color = ""red"")+"
"0","        annotate(geom=""text"", label=""Cut Off"", x=1, y=0.9225526, vjust=-1, colour=""red"") +"
"0","        guides(colour=guide_legend(title=""Doppelganger Label""))"
