"0","#2. Calculate PPCC between samples of each batch"
"0","#Separate batches"
"0","rep_1 = rc_combat[,grepl(""rep1"",colnames(rc_combat))]"
"0","rep_2 = rc_combat[,grepl(""rep2"",colnames(rc_combat))]"
"0","#Get ppcc_matrix adn ppc_df (For the graph)"
"0","ppcc_mat = matrix(,ncol=ncol(rep_1), nrow=ncol(rep_2), dimnames = list(colnames(rep_1),colnames(rep_2)))"
"0","ppcc_df = as.data.frame(matrix(nrow=ncol(rep_1)*ncol(rep_2), ncol=3, dimnames=list(c(), c(""Sample1"", ""Sample2"", ""PPCC""))))"
"0","index = 1"
"0","for (i in 1:ncol(rep_1)){"
"0","  for (j in 1:ncol(rep_2)){"
"0","    ppcc = cor(rep_1[,i], rep_2[,j])"
"0","    ppcc_mat[i,j] = ppcc"
"0","    ppcc_df[index,] = c(colnames(rep_1)[i], colnames(rep_2)[j], ppcc)"
"0","    index=index+1"
"0","  }"
"0","}"
"0","ppcc_df$PPCC = as.numeric(ppcc_df$PPCC)"
