"0","#Generate matrix for accuracies of different validation pairs (7) and different feature sets (12)"
"0","accuracy_mat_knn = matrix(ncol = length(names(experiment_plan)), nrow = length(names(feature_sets)), dimnames = list(c(names(feature_sets)),c(names(experiment_plan))))"
"0",""
"0","accuracy_df_knn = as.data.frame(matrix(ncol=3,nrow=length(names(experiment_plan))*length(names(feature_sets)),dimnames=list(c(),c(""FeatureSet"", ""Train_Valid"", ""Accuracy""))))"
"0",""
"0","# Progress bar"
"0","total =(length(names(feature_sets))*length(names(experiment_plan)))"
"0","pb = winProgressBar(min = 0, max = 100, initial = 1, label=""0% done"")"
"0","i=1"
"0","for (feature_set in names(feature_sets)){"
"0","  features = feature_sets[[feature_set]]"
"0","  for (data_pair in names(experiment_plan)){"
"0","    "
"0","    x=as.data.frame(experiment_plan[[data_pair]][[""train""]][,features])"
"0","    y=as.factor(experiment_plan[[data_pair]][[""train""]][,""label""])"
"0","    "
"0","    valid_x=as.data.frame(experiment_plan[[data_pair]][[""valid""]][,features])"
"0","    valid_y=as.factor(experiment_plan[[data_pair]][[""valid""]][,""label""])"
"0",""
"0","    pred = knn(train=x, test=valid_x, cl=y, k=5)"
"0","    "
"0","    #Test performance on validation"
"0","    acc = sum(pred==valid_y)/length(valid_y)"
"0",""
"0","    #Save accuracy"
"0","    accuracy_mat_knn[feature_set,data_pair] = acc"
"0","    accuracy_df_knn[i,] = c(feature_set, data_pair, acc)"
"0",""
"0","    info = sprintf(""%f%% done"", round(i/total *100))"
"0","    setWinProgressBar(pb, i/total *100, label=info)"
"0","    i=i+1"
"0","  }"
"0","}"
"0","close = close(pb)"
"0",""
"0","accuracy_df_knn$GraphFeatureSetLabel = ifelse(accuracy_df_knn$FeatureSet==""top10variance"", ""Top 10% Variance"", ifelse(accuracy_df_knn$FeatureSet==""bot10variance"", ""Bottom 10% Variance"", ""Random""))"
"0","accuracy_df_knn$Accuracy = as.numeric(accuracy_df_knn$Accuracy)"
"0",""
"0","acc_plot =ggplot(accuracy_df_knn, aes(x = Train_Valid, y = Accuracy, colour=GraphFeatureSetLabel)) +"
"0","            geom_violin(width=1, color=rgb(1,1,1)) +"
"0","            scale_color_manual(values=c(""#fa325a"", ""#72def2"", ""#c9c9c9""),breaks = c(""Top 10% Variance"", ""Bottom 10% Variance"",""Random"")) +"
"0","            labs(color = ""Feature Set"") +"
"0","            geom_jitter(shape=16, position=position_jitter(0.1), alpha=0.65) +"
"0","            ggtitle(""Accuracy of KNN Models"") +"
"0","            theme(plot.title = element_text(hjust = 0.5)) +"
"0","            xlab(""Training-Validation Set"") + "
"0","            scale_x_discrete(breaks=c(""Doppel_0"",""Doppel_2"", ""Doppel_4"", ""Doppel_6"", ""Doppel_8"", ""Neg_Con"", ""Pos_Con""),"
"0","            labels=c(""0 Doppel"", ""2 Doppel"", ""4 Doppel"", ""6 Doppel"", ""8 Doppel"", ""0 Doppel\n Flipped\n Labels"", ""Perfect Leakage""))"
"0",""
"0","acc_plot"
"0",""
