"0","experiment_plan_df = read.csv(""cleaned_data/experimentPlan.csv"")"
"0","rc_dataset = rc_combat_minmax"
"0","labelClass <- function(rownames){"
"0","  labels = NULL"
"0","  for (i in 1:length(rownames)){"
"0","    labels[i] = strsplit(rownames[i], split=""_"")[[1]][1]"
"0","  }"
"0","  return(labels)"
"0","}"
"0","rc_dataset$label = labelClass(rownames(rc_dataset))"
"0","#process csv into a list of training and validation pairs"
"0","experiment_plan = list()"
"0","for (col in colnames(experiment_plan_df)){"
"0","  pair_name = substr(col, start=1, stop=nchar(col)-6)"
"0","  which_pair =substr(col, start=nchar(col)-4, stop=nchar(col))"
"0","  column_vector = experiment_plan_df[[col]]"
"0","  column_vector = column_vector[column_vector != """"] #remove empty values"
"0","  experiment_plan[[pair_name]][[which_pair]] = rc_dataset[column_vector,]"
"0","}"
"0","#for valid of negative control, we have to swap the labels"
"0","new = c(""normal"", ""tumor"")"
"0","originalLabels = experiment_plan$Neg_Con$valid[,""label""]"
"0","experiment_plan$Neg_Con$valid[,""label""] = new[match(originalLabels, c(""tumor"",""normal""))]"
