"0","# 1. 10 generated feature sets"
"0","feature_set_size = 222"
"0","set.seed(3000)"
"0","feature_sets=list()"
"0","for (i in 1:10){"
"0","  entry_name = paste(""random"",i)"
"0","  feature_sets[[entry_name]] = sample(colnames(rc_combat_minmax), feature_set_size)"
"0","}"
"0","# 2. 2 feature set containing features of lowest and highest variance"
"0","rc_feature_selection= t(rc_combat_minmax)"
"0","rc_feature_selection= cbind(rc_feature_selection , var=apply(rc_feature_selection, 1, FUN=var))"
"0","rc_feature_selection= rc_feature_selection[order(rc_feature_selection[,""var""], decreasing = TRUE),]"
"0","feature_sets[[""top10variance""]] = head(rownames(rc_feature_selection), feature_set_size)"
"0","feature_sets[[""bot10variance""]] = tail(rownames(rc_feature_selection), feature_set_size)"
