{"chunk_definitions":[{"row":13,"row_count":1,"visible":true,"expansion_state":0,"options":{"engine":"r","label":"Import & Install Packages","include":false},"document_id":"F21BBA11","chunk_id":"crxi1r4by739l","chunk_label":"Import & Install Packages"},{"row":54,"row_count":1,"visible":true,"expansion_state":0,"options":{"engine":"r","label":"How do doppelgangers look like","echo":true},"document_id":"F21BBA11","chunk_id":"c9gwca1vqpsyx","chunk_label":"How do doppelgangers look like"},{"row":75,"row_count":1,"visible":true,"expansion_state":0,"options":{"engine":"r","label":"unnamed-chunk-101"},"document_id":"F21BBA11","chunk_id":"cpudielcc5z70","chunk_label":"unnamed-chunk-1"},{"row":117,"row_count":1,"visible":true,"expansion_state":0,"options":{"engine":"r","label":"unnamed-chunk-13"},"document_id":"F21BBA11","chunk_id":"c1hrpsjnjegd8","chunk_label":"unnamed-chunk-2"},{"row":125,"row_count":1,"visible":true,"expansion_state":0,"options":{"engine":"r","label":"unnamed-chunk-14"},"document_id":"F21BBA11","chunk_id":"colx5sctjoqcx","chunk_label":"unnamed-chunk-3"},{"row":140,"row_count":1,"visible":true,"expansion_state":0,"options":{"engine":"r","label":"unnamed-chunk-15"},"document_id":"F21BBA11","chunk_id":"c6m0j4ori1qbs","chunk_label":"unnamed-chunk-4"},{"row":155,"row_count":1,"visible":true,"expansion_state":0,"options":{"engine":"r","label":"unnamed-chunk-56"},"document_id":"F21BBA11","chunk_id":"cb5414h65fvrw","chunk_label":"unnamed-chunk-5"},{"row":176,"row_count":1,"visible":true,"expansion_state":0,"options":{"engine":"r","label":"unnamed-chunk-25"},"document_id":"F21BBA11","chunk_id":"cu0v5rxt5fdfd","chunk_label":"unnamed-chunk-6"},{"row":218,"row_count":1,"visible":true,"expansion_state":0,"options":{"engine":"r","label":"unnamed-chunk-77"},"document_id":"F21BBA11","chunk_id":"c8jnaf5lepk8u","chunk_label":"unnamed-chunk-7"},{"row":273,"row_count":1,"visible":true,"expansion_state":0,"options":{"engine":"r","fig.width":10,"fig.height":6,"label":"unnamed-chunk-169"},"document_id":"F21BBA11","chunk_id":"cktqm0uy8sngl","chunk_label":"unnamed-chunk-8"}],"doc_write_time":1613126996,"chunk_rendered_width":400}